Ürün Adı;Fiyat (TL);Satıcı;Site;Bağlantı
Barbanti Mobile Beyaz 2.nesil Ios Android Uyumlu Kablosuz Bluetooth Kulaklık Karışık Renk Kılıf Hediyeli Plus;352.27;Deseja;Trendyol;https://www.trendyol.com/barbanti-mobile/beyaz-2-nesil-ios-android-uyumlu-kablosuz-bluetooth-kulaklik-karisik-renk-kilif-hediyeli-plus-p-661738189?boutiqueId=61&merchantId=778276
TrkTech Kılıf Hediyeli Pro 5 Plus Premium A Kalite Bluetooth Sürüm 5.3 Bluetooth Kulaklık;284.99;TRK TEKNOLOJİ;Trendyol;https://www.trendyol.com/trktech/kilif-hediyeli-pro-5-plus-premium-a-kalite-bluetooth-surum-5-3-bluetooth-kulaklik-p-666158167?boutiqueId=61&merchantId=260497
Abbruch Pro 5 Ios Android Uyumlu Dokunmatik Bluetooth Kulaklık 8d Stereo Hd Ses;285.26;Favors;Trendyol;https://www.trendyol.com/abbruch/pro-5-ios-android-uyumlu-dokunmatik-bluetooth-kulaklik-8d-stereo-hd-ses-p-233129679?boutiqueId=61&merchantId=754296
Heyplus 2.nesil Pro Bluetooth Kulaklık,kablosuz Kulaklık Ios Android Uyumlu Ooccmi Ge Kılıf Hediyeli;499.0;Heyplus;Trendyol;https://www.trendyol.com/heyplus/2-nesil-pro-bluetooth-kulaklik-kablosuz-kulaklik-ios-android-uyumlu-ooccmi-ge-kilif-hediyeli-p-878143145?boutiqueId=61&merchantId=111355
Heyplus H1 Bluetooth Kulaklık , Kablosuz Kulak Üstü Kulaklık , Oyun Modu , Enc , Bluetooth 5.3;825.0;Heyplus;Trendyol;https://www.trendyol.com/heyplus/h1-bluetooth-kulaklik-kablosuz-kulak-ustu-kulaklik-oyun-modu-enc-bluetooth-5-3-p-917553555?boutiqueId=61&merchantId=111355
MATEO Kablosuz Bluetooth Kulaklık | iOS Android Uyumlu | Yüksek Ses Kalitesi | Mikrofonlu Stereo Kulaklık;287.91;MATEO;Trendyol;https://www.trendyol.com/mateo/kablosuz-bluetooth-kulaklik-ios-android-uyumlu-yuksek-ses-kalitesi-mikrofonlu-stereo-kulaklik-p-776896321?boutiqueId=61&merchantId=237566
Heyplus A1 Bluetooth Kulaklık , Bluetooth 5.4 Ios Android Uyumlu Kablosuz Kulaklık;457.0;Heyplus;Trendyol;https://www.trendyol.com/heyplus/a1-bluetooth-kulaklik-bluetooth-5-4-ios-android-uyumlu-kablosuz-kulaklik-p-861952580?boutiqueId=61&merchantId=111355
FABRON K55 Kablosuz Oyuncu Kulaklığı Android Ios Uyumlu Düşük Gecikme Gaming Bluetooth Kulaklık Kulak Içi;359.9;FABRON;Trendyol;https://www.trendyol.com/fabron/k55-kablosuz-oyuncu-kulakligi-android-ios-uyumlu-dusuk-gecikme-gaming-bluetooth-kulaklik-kulak-ici-p-869244931?boutiqueId=61&merchantId=1028957
Barbanti Mobile Pro Ios Android Uyumlu Kablosuz Bluetooth Kulaklık Karışık Renk Kılıf Hediyeli;392.07;NesliStore;Trendyol;https://www.trendyol.com/barbanti-mobile/pro-ios-android-uyumlu-kablosuz-bluetooth-kulaklik-karisik-renk-kilif-hediyeli-p-672471753?boutiqueId=61&merchantId=708339
Genel Markalar Sunix Blt 29 Bluetooth Kulaklık;729.0;CEMSA İLETİŞİM;Trendyol;https://www.trendyol.com/genel-markalar/sunix-blt-29-bluetooth-kulaklik-p-194204350?boutiqueId=61&merchantId=1094209
Mmctech Yeni Nesil Şık Ergonomik Tasarım Extra Bass Kablosuz Bluetooth Mikrofonlu Spor Kulaklık Sd Kartlı;374.0;Mmctech;Trendyol;https://www.trendyol.com/mmctech/yeni-nesil-sik-ergonomik-tasarim-extra-bass-kablosuz-bluetooth-mikrofonlu-spor-kulaklik-sd-kartli-p-773807277?boutiqueId=61&merchantId=258943
Favors Dots E6s Bluetooth Kulaklık Hd Ses Extra Bass Yüksek Mikrofon Kalitesi;309.9;Favors;Trendyol;https://www.trendyol.com/favors/dots-e6s-bluetooth-kulaklik-hd-ses-extra-bass-yuksek-mikrofon-kalitesi-p-143889066?boutiqueId=61&merchantId=754296
Xiaomi Redmi Buds 6 Play - Pembe Kulakiçi Kulaklık TWS (Xiaomi Türkiye Garantili);599.0;Trendyol;Trendyol;https://www.trendyol.com/xiaomi/redmi-buds-6-play-pembe-kulakici-kulaklik-tws-xiaomi-turkiye-garantili-p-874809826?boutiqueId=681310&merchantId=968
Qcy H2 Pro Aux Kablosuz Bt 5.3 Beyaz Kulaklık Hifi Enc 70 Saat Dinleme Oyun Modu;699.0;Trendyol;Trendyol;https://www.trendyol.com/qcy/h2-pro-aux-kablosuz-bt-5-3-beyaz-kulaklik-hifi-enc-70-saat-dinleme-oyun-modu-p-768935844?boutiqueId=681310&merchantId=968
Favors Pro Ios Android Uyumlu Yeni Nesil Wireless Charge Bluetooth Kulaklık Kılıf Hediyeli;419.09;Favors;Trendyol;https://www.trendyol.com/favors/pro-ios-android-uyumlu-yeni-nesil-wireless-charge-bluetooth-kulaklik-kilif-hediyeli-p-314585747?boutiqueId=61&merchantId=754296
TECHNOMEN ANC DOKUNMATİK EKRANLI Bluetooth Kulaklık;508.0;TECHNOMEN;Trendyol;https://www.trendyol.com/technomen/anc-dokunmatik-ekranli-bluetooth-kulaklik-p-826514552?boutiqueId=61&merchantId=309016
Qcy Buds Anc HT15 Bluetooth Kulaklık - 45 dB. ANC - 6 Mikrofon ENC - Çift Cihaz Gürültü Engelleme iPX4;749.0;Trendyol;Trendyol;https://www.trendyol.com/qcy/buds-anc-ht15-bluetooth-kulaklik-45-db-anc-6-mikrofon-enc-cift-cihaz-gurultu-engelleme-ipx4-p-926008418?boutiqueId=681310&merchantId=968
Xiaomi Hey Plus H1 Bluetooth Kulaklık , Kablosuz Kulaklık , Bluetooth 5.3 Oyun Modlu;912.0;ModBilişim;Trendyol;https://www.trendyol.com/xiaomi/hey-plus-h1-bluetooth-kulaklik-kablosuz-kulaklik-bluetooth-5-3-oyun-modlu-p-905346633?boutiqueId=61&merchantId=734151
Dynego Bluetooth Ios Android Uyumlu Plus Kablosuz 5.0 Uyumlu Kablosuz Kulaklık Sporcu Mikrofonlu;246.18;DYNEGO MARKET;Trendyol;https://www.trendyol.com/dynego/bluetooth-ios-android-uyumlu-plus-kablosuz-5-0-uyumlu-kablosuz-kulaklik-sporcu-mikrofonlu-p-898537694?boutiqueId=61&merchantId=116888
Abbruch Air 31 Kulak İçi Bluetooth Kulaklık İos Android Uyumlu Şarj Göstergeli Kablosuz Kulaklık;299.9;Favors;Trendyol;https://www.trendyol.com/abbruch/air-31-kulak-ici-bluetooth-kulaklik-ios-android-uyumlu-sarj-gostergeli-kablosuz-kulaklik-p-861937023?boutiqueId=61&merchantId=754296
LENOVO Lp5 Bluetooth 5.0 Kablosuz Kulaklık - Siyah;548.0;Torima;Trendyol;https://www.trendyol.com/lenovo/lp5-bluetooth-5-0-kablosuz-kulaklik-siyah-p-353554879?boutiqueId=61&merchantId=106994
Qcy T13 Anc 4 Mikrofon Bluetooth 5.3 Kablosuz Kulaklık Beyaz Aktif Gürültü Engelleyici;699.0;Trendyol;Trendyol;https://www.trendyol.com/qcy/t13-anc-4-mikrofon-bluetooth-5-3-kablosuz-kulaklik-beyaz-aktif-gurultu-engelleyici-p-691975802?boutiqueId=681310&merchantId=968
JBL Tune 525BT Siyah Multi Connect Wireless Kulak Üstü Kulaklık;1499.0;Trendyol;Trendyol;https://www.trendyol.com/jbl/tune-525bt-siyah-multi-connect-wireless-kulak-ustu-kulaklik-p-901310541?boutiqueId=681310&merchantId=968
TARÇIN Air Pro 2 Anc Gürültü Engelleyici Bluetooth Kulaklık IOS Android Tüm Telefonlar ile Uyumlu Kulaklık;749.0;Technoverse;Trendyol;https://www.trendyol.com/tarcin/air-pro-2-anc-gurultu-engelleyici-bluetooth-kulaklik-ios-android-tum-telefonlar-ile-uyumlu-kulaklik-p-819066262?boutiqueId=61&merchantId=953397
